{
  "train_rmse": 6.670402526855469,
  "train_corr": 0.9834232203802428,
  "train_hit_rate": 0.8733333333333333,
  "val_rmse": 5.781142711639404,
  "val_corr": 0.9647032939763814,
  "val_hit_rate": 0.79,
  "test_rmse": 9.567610740661621,
  "test_corr": 0.8074195821246404,
  "test_hit_rate": 0.68,
  "overfit_warning": ""
}