{
  "low": {
    "avg_sharpe": 0.48444510694704157,
    "avg_dd_pct": 12.681736386239649,
    "avg_pnl_sol": 39711.34047058959,
    "avg_profit_factor": 4.397441040830551,
    "avg_win_rate": 0.6221288515406163,
    "num_scenarios": 10
  },
  "normal": {
    "avg_sharpe": 0.21668485154709333,
    "avg_dd_pct": 20.833438298420965,
    "avg_pnl_sol": 23712.110904318088,
    "avg_profit_factor": 2.9062010432367087,
    "avg_win_rate": 0.5740585122938064,
    "num_scenarios": 10
  },
  "high": {
    "avg_sharpe": 0.17004675785591625,
    "avg_dd_pct": 20.939972701045768,
    "avg_pnl_sol": 23852.788363782827,
    "avg_profit_factor": 2.8469475075420623,
    "avg_win_rate": 0.574447556800498,
    "num_scenarios": 10
  }
}